Domaine,Zone,?l?ment,Produit,Ann?e,Unit?,Valeur,Symbole,Description du Symbole
"S?ries temporelles annuelles","Afghanistan","Population totale","Population-Estimations","2008","1000 personnes","27722.276","X","Sources internationales s?res"
"S?ries temporelles annuelles","Afrique du Sud","Population totale","Population-Estimations","2008","1000 personnes","49779.471","X","Sources internationales s?res"
"S?ries temporelles annuelles","Albanie","Population totale","Population-Estimations","2008","1000 personnes","3002.678","X","Sources internationales s?res"
"S?ries temporelles annuelles","Alg?rie","Population totale","Population-Estimations","2008","1000 personnes","34730.608","X","Sources internationales s?res"
"S?ries temporelles annuelles","Allemagne","Population totale","Population-Estimations","2008","1000 personnes","81065.752","X","Sources internationales s?res"
"S?ries temporelles annuelles","Andorre","Population totale","Population-Estimations","2008","1000 personnes","83.862","X","Sources internationales s?res"
"S?ries temporelles annuelles","Angola","Population totale","Population-Estimations","2008","1000 personnes","21695.634","X","Sources internationales s?res"
"S?ries temporelles annuelles","Anguilla","Population totale","Population-Estimations","2008","1000 personnes","13.063","X","Sources internationales s?res"
"S?ries temporelles annuelles","Antigua-et-Barbuda","Population totale","Population-Estimations","2008","1000 personnes","85.397","X","Sources internationales s?res"
"S?ries temporelles annuelles","Antilles n?erlandaises (ex)","Population totale","Population-Estimations","2008","1000 personnes","238.47","A","Agr?gat, peut inclure des donn?es officielles, semi-officielles, estim?es ou calcul?es"
"S?ries temporelles annuelles","Arabie saoudite","Population totale","Population-Estimations","2008","1000 personnes","25888.541","X","Sources internationales s?res"
"S?ries temporelles annuelles","Argentine","Population totale","Population-Estimations","2008","1000 personnes","40080.16","X","Sources internationales s?res"
"S?ries temporelles annuelles","Arm?nie","Population totale","Population-Estimations","2008","1000 personnes","2907.618","X","Sources internationales s?res"
"S?ries temporelles annuelles","Aruba","Population totale","Population-Estimations","2008","1000 personnes","101.358","X","Sources internationales s?res"
"S?ries temporelles annuelles","Australie","Population totale","Population-Estimations","2008","1000 personnes","21332.282","X","Sources internationales s?res"
"S?ries temporelles annuelles","Autriche","Population totale","Population-Estimations","2008","1000 personnes","8341.532","X","Sources internationales s?res"
"S?ries temporelles annuelles","Azerba?djan","Population totale","Population-Estimations","2008","1000 personnes","8821.873","X","Sources internationales s?res"
"S?ries temporelles annuelles","Bahamas","Population totale","Population-Estimations","2008","1000 personnes","343.681","X","Sources internationales s?res"
"S?ries temporelles annuelles","Bahre?n","Population totale","Population-Estimations","2008","1000 personnes","1114.641","X","Sources internationales s?res"
"S?ries temporelles annuelles","Bangladesh","Population totale","Population-Estimations","2008","1000 personnes","144304.167","X","Sources internationales s?res"
"S?ries temporelles annuelles","Barbade","Population totale","Population-Estimations","2008","1000 personnes","279.946","X","Sources internationales s?res"
"S?ries temporelles annuelles","B?larus","Population totale","Population-Estimations","2008","1000 personnes","9452.855","X","Sources internationales s?res"
"S?ries temporelles annuelles","Belgique","Population totale","Population-Estimations","2008","1000 personnes","10778.758","X","Sources internationales s?res"
"S?ries temporelles annuelles","Belize","Population totale","Population-Estimations","2008","1000 personnes","306.823","X","Sources internationales s?res"
"S?ries temporelles annuelles","B?nin","Population totale","Population-Estimations","2008","1000 personnes","8696.921","X","Sources internationales s?res"
"S?ries temporelles annuelles","Bermudes","Population totale","Population-Estimations","2008","1000 personnes","65.931","X","Sources internationales s?res"
"S?ries temporelles annuelles","Bhoutan","Population totale","Population-Estimations","2008","1000 personnes","671.613","X","Sources internationales s?res"
"S?ries temporelles annuelles","Bolivie (?tat plurinational de)","Population totale","Population-Estimations","2008","1000 personnes","9721.454","X","Sources internationales s?res"
"S?ries temporelles annuelles","Bosnie-Herz?govine","Population totale","Population-Estimations","2008","1000 personnes","3754.271","X","Sources internationales s?res"
"S?ries temporelles annuelles","Botswana","Population totale","Population-Estimations","2008","1000 personnes","1915.639","X","Sources internationales s?res"
"S?ries temporelles annuelles","Br?sil","Population totale","Population-Estimations","2008","1000 personnes","192030.362","X","Sources internationales s?res"
"S?ries temporelles annuelles","Brun?i Darussalam","Population totale","Population-Estimations","2008","1000 personnes","379.421","X","Sources internationales s?res"
"S?ries temporelles annuelles","Bulgarie","Population totale","Population-Estimations","2008","1000 personnes","7524.087","X","Sources internationales s?res"
"S?ries temporelles annuelles","Burkina Faso","Population totale","Population-Estimations","2008","1000 personnes","14689.725","X","Sources internationales s?res"
"S?ries temporelles annuelles","Burundi","Population totale","Population-Estimations","2008","1000 personnes","8126.102","X","Sources internationales s?res"
"S?ries temporelles annuelles","Cabo Verde","Population totale","Population-Estimations","2008","1000 personnes","480.842","X","Sources internationales s?res"
"S?ries temporelles annuelles","Cambodge","Population totale","Population-Estimations","2008","1000 personnes","13883.834","X","Sources internationales s?res"
"S?ries temporelles annuelles","Cameroun","Population totale","Population-Estimations","2008","1000 personnes","19252.666","X","Sources internationales s?res"
"S?ries temporelles annuelles","Canada","Population totale","Population-Estimations","2008","1000 personnes","33337.638","X","Sources internationales s?res"
"S?ries temporelles annuelles","Chili","Population totale","Population-Estimations","2008","1000 personnes","16708.258","X","Sources internationales s?res"
"S?ries temporelles annuelles","Chine","Population totale","Population-Estimations","2008","1000 personnes","1383985.631","A","Agr?gat, peut inclure des donn?es officielles, semi-officielles, estim?es ou calcul?es"
"S?ries temporelles annuelles","Chine - RAS de Hong-Kong","Population totale","Population-Estimations","2008","1000 personnes","6881.863","X","Sources internationales s?res"
"S?ries temporelles annuelles","Chine - RAS de Macao","Population totale","Population-Estimations","2008","1000 personnes","515.239","X","Sources internationales s?res"
"S?ries temporelles annuelles","Chine, continentale","Population totale","Population-Estimations","2008","1000 personnes","1353569.484","X","Sources internationales s?res"
"S?ries temporelles annuelles","Chine, Taiwan Province de","Population totale","Population-Estimations","2008","1000 personnes","23019.045","X","Sources internationales s?res"
"S?ries temporelles annuelles","Chypre","Population totale","Population-Estimations","2008","1000 personnes","1081.563","X","Sources internationales s?res"
"S?ries temporelles annuelles","Colombie","Population totale","Population-Estimations","2008","1000 personnes","44254.975","X","Sources internationales s?res"
"S?ries temporelles annuelles","Comores","Population totale","Population-Estimations","2008","1000 personnes","657.229","X","Sources internationales s?res"
"S?ries temporelles annuelles","Congo","Population totale","Population-Estimations","2008","1000 personnes","4011.486","X","Sources internationales s?res"
"S?ries temporelles annuelles","Costa Rica","Population totale","Population-Estimations","2008","1000 personnes","4463.125","X","Sources internationales s?res"
"S?ries temporelles annuelles","C?te d'Ivoire","Population totale","Population-Estimations","2008","1000 personnes","19605.569","X","Sources internationales s?res"
"S?ries temporelles annuelles","Croatie","Population totale","Population-Estimations","2008","1000 personnes","4352.636","X","Sources internationales s?res"
"S?ries temporelles annuelles","Cuba","Population totale","Population-Estimations","2008","1000 personnes","11236.971","X","Sources internationales s?res"
"S?ries temporelles annuelles","Danemark","Population totale","Population-Estimations","2008","1000 personnes","5497.729","X","Sources internationales s?res"
"S?ries temporelles annuelles","Djibouti","Population totale","Population-Estimations","2008","1000 personnes","816.358","X","Sources internationales s?res"
"S?ries temporelles annuelles","Dominique","Population totale","Population-Estimations","2008","1000 personnes","70.827","X","Sources internationales s?res"
"S?ries temporelles annuelles","?gypte","Population totale","Population-Estimations","2008","1000 personnes","79636.079","X","Sources internationales s?res"
"S?ries temporelles annuelles","El Salvador","Population totale","Population-Estimations","2008","1000 personnes","6131.764","X","Sources internationales s?res"
"S?ries temporelles annuelles","?mirats arabes unis","Population totale","Population-Estimations","2008","1000 personnes","7089.487","X","Sources internationales s?res"
"S?ries temporelles annuelles","?quateur","Population totale","Population-Estimations","2008","1000 personnes","14535.739","X","Sources internationales s?res"
"S?ries temporelles annuelles","?rythr?e","Population totale","Population-Estimations","2008","1000 personnes","3062.779","X","Sources internationales s?res"
"S?ries temporelles annuelles","Espagne","Population totale","Population-Estimations","2008","1000 personnes","46068.811","X","Sources internationales s?res"
"S?ries temporelles annuelles","Estonie","Population totale","Population-Estimations","2008","1000 personnes","1340.073","X","Sources internationales s?res"
"S?ries temporelles annuelles","Eswatini","Population totale","Population-Estimations","2008","1000 personnes","1049.945","X","Sources internationales s?res"
"S?ries temporelles annuelles","?tats-Unis d'Am?rique","Population totale","Population-Estimations","2008","1000 personnes","303486.012","X","Sources internationales s?res"
"S?ries temporelles annuelles","?thiopie","Population totale","Population-Estimations","2008","1000 personnes","82916.235","X","Sources internationales s?res"
"S?ries temporelles annuelles","F?d?ration de Russie","Population totale","Population-Estimations","2008","1000 personnes","143248.764","X","Sources internationales s?res"
"S?ries temporelles annuelles","Fidji","Population totale","Population-Estimations","2008","1000 personnes","845.361","X","Sources internationales s?res"
"S?ries temporelles annuelles","Finlande","Population totale","Population-Estimations","2008","1000 personnes","5319.449","X","Sources internationales s?res"
"S?ries temporelles annuelles","France","Population totale","Population-Estimations","2008","1000 personnes","62209.207","X","Sources internationales s?res"
"S?ries temporelles annuelles","Gabon","Population totale","Population-Estimations","2008","1000 personnes","1518.54","X","Sources internationales s?res"
"S?ries temporelles annuelles","Gambie","Population totale","Population-Estimations","2008","1000 personnes","1689.285","X","Sources internationales s?res"
"S?ries temporelles annuelles","G?orgie","Population totale","Population-Estimations","2008","1000 personnes","4142.655","X","Sources internationales s?res"
"S?ries temporelles annuelles","Ghana","Population totale","Population-Estimations","2008","1000 personnes","23563.825","X","Sources internationales s?res"
"S?ries temporelles annuelles","Gibraltar","Population totale","Population-Estimations","2008","1000 personnes","33.559","X","Sources internationales s?res"
"S?ries temporelles annuelles","Gr?ce","Population totale","Population-Estimations","2008","1000 personnes","11040.309","X","Sources internationales s?res"
"S?ries temporelles annuelles","Grenade","Population totale","Population-Estimations","2008","1000 personnes","105.456","X","Sources internationales s?res"
"S?ries temporelles annuelles","Groenland","Population totale","Population-Estimations","2008","1000 personnes","56.841","X","Sources internationales s?res"
"S?ries temporelles annuelles","Guadeloupe","Population totale","Population-Estimations","2008","1000 personnes","403.965","X","Sources internationales s?res"
"S?ries temporelles annuelles","Guam","Population totale","Population-Estimations","2008","1000 personnes","159.036","X","Sources internationales s?res"
"S?ries temporelles annuelles","Guatemala","Population totale","Population-Estimations","2008","1000 personnes","14006.428","X","Sources internationales s?res"
"S?ries temporelles annuelles","Guin?e","Population totale","Population-Estimations","2008","1000 personnes","9738.792","X","Sources internationales s?res"
"S?ries temporelles annuelles","Guin?e ?quatoriale","Population totale","Population-Estimations","2008","1000 personnes","860.84","X","Sources internationales s?res"
"S?ries temporelles annuelles","Guin?e-Bissau","Population totale","Population-Estimations","2008","1000 personnes","1446.936","X","Sources internationales s?res"
"S?ries temporelles annuelles","Guyana","Population totale","Population-Estimations","2008","1000 personnes","746.817","X","Sources internationales s?res"
"S?ries temporelles annuelles","Guyane fran?aise","Population totale","Population-Estimations","2008","1000 personnes","221.996","X","Sources internationales s?res"
"S?ries temporelles annuelles","Ha?ti","Population totale","Population-Estimations","2008","1000 personnes","9646.58","X","Sources internationales s?res"
"S?ries temporelles annuelles","Honduras","Population totale","Population-Estimations","2008","1000 personnes","7980.955","X","Sources internationales s?res"
"S?ries temporelles annuelles","Hongrie","Population totale","Population-Estimations","2008","1000 personnes","9991.867","X","Sources internationales s?res"
"S?ries temporelles annuelles","?le de Man","Population totale","Population-Estimations","2008","1000 personnes","83.508","X","Sources internationales s?res"
"S?ries temporelles annuelles","?les Anglo-Normandes","Population totale","Population-Estimations","2008","1000 personnes","156.433","X","Sources internationales s?res"
"S?ries temporelles annuelles","?les Ca?manes","Population totale","Population-Estimations","2008","1000 personnes","53.836","X","Sources internationales s?res"
"S?ries temporelles annuelles","?les Cook","Population totale","Population-Estimations","2008","1000 personnes","18.818","X","Sources internationales s?res"
"S?ries temporelles annuelles","?les Falkland (Malvinas)","Population totale","Population-Estimations","2008","1000 personnes","2.932","X","Sources internationales s?res"
"S?ries temporelles annuelles","?les F?ro?","Population totale","Population-Estimations","2008","1000 personnes","47.82","X","Sources internationales s?res"
"S?ries temporelles annuelles","?les Mariannes du Nord","Population totale","Population-Estimations","2008","1000 personnes","54.625","X","Sources internationales s?res"
"S?ries temporelles annuelles","?les Marshall","Population totale","Population-Estimations","2008","1000 personnes","56.174","X","Sources internationales s?res"
"S?ries temporelles annuelles","?les Salomon","Population totale","Population-Estimations","2008","1000 personnes","503.36","X","Sources internationales s?res"
"S?ries temporelles annuelles","?les Turques-et-Ca?ques","Population totale","Population-Estimations","2008","1000 personnes","31.202","X","Sources internationales s?res"
"S?ries temporelles annuelles","?les Vierges am?ricaines","Population totale","Population-Estimations","2008","1000 personnes","106.756","X","Sources internationales s?res"
"S?ries temporelles annuelles","?les Vierges britanniques","Population totale","Population-Estimations","2008","1000 personnes","26.097","X","Sources internationales s?res"
"S?ries temporelles annuelles","?les Wallis-et-Futuna","Population totale","Population-Estimations","2008","1000 personnes","13.578","X","Sources internationales s?res"
"S?ries temporelles annuelles","Inde","Population totale","Population-Estimations","2008","1000 personnes","1200669.765","X","Sources internationales s?res"
"S?ries temporelles annuelles","Indon?sie","Population totale","Population-Estimations","2008","1000 personnes","235469.762","X","Sources internationales s?res"
"S?ries temporelles annuelles","Iran (R?publique islamique d')","Population totale","Population-Estimations","2008","1000 personnes","72120.604","X","Sources internationales s?res"
"S?ries temporelles annuelles","Iraq","Population totale","Population-Estimations","2008","1000 personnes","28385.746","X","Sources internationales s?res"
"S?ries temporelles annuelles","Irlande","Population totale","Population-Estimations","2008","1000 personnes","4415.872","X","Sources internationales s?res"
"S?ries temporelles annuelles","Islande","Population totale","Population-Estimations","2008","1000 personnes","310.856","X","Sources internationales s?res"
"S?ries temporelles annuelles","Isra?l","Population totale","Population-Estimations","2008","1000 personnes","7020.836","X","Sources internationales s?res"
"S?ries temporelles annuelles","Italie","Population totale","Population-Estimations","2008","1000 personnes","58922.109","X","Sources internationales s?res"
"S?ries temporelles annuelles","Jama?que","Population totale","Population-Estimations","2008","1000 personnes","2781.876","X","Sources internationales s?res"
"S?ries temporelles annuelles","Japon","Population totale","Population-Estimations","2008","1000 personnes","128538.646","X","Sources internationales s?res"
"S?ries temporelles annuelles","Jordanie","Population totale","Population-Estimations","2008","1000 personnes","6556.478","X","Sources internationales s?res"
"S?ries temporelles annuelles","Kazakhstan","Population totale","Population-Estimations","2008","1000 personnes","15862.123","X","Sources internationales s?res"
"S?ries temporelles annuelles","Kenya","Population totale","Population-Estimations","2008","1000 personnes","39791.981","X","Sources internationales s?res"
"S?ries temporelles annuelles","Kirghizistan","Population totale","Population-Estimations","2008","1000 personnes","5254.979","X","Sources internationales s?res"
"S?ries temporelles annuelles","Kiribati","Population totale","Population-Estimations","2008","1000 personnes","98.761","X","Sources internationales s?res"
"S?ries temporelles annuelles","Kowe?t","Population totale","Population-Estimations","2008","1000 personnes","2656.009","X","Sources internationales s?res"
"S?ries temporelles annuelles","Lesotho","Population totale","Population-Estimations","2008","1000 personnes","1987.129","X","Sources internationales s?res"
"S?ries temporelles annuelles","Lettonie","Population totale","Population-Estimations","2008","1000 personnes","2171.259","X","Sources internationales s?res"
"S?ries temporelles annuelles","Liban","Population totale","Population-Estimations","2008","1000 personnes","4764.741","X","Sources internationales s?res"
"S?ries temporelles annuelles","Lib?ria","Population totale","Population-Estimations","2008","1000 personnes","3607.86","X","Sources internationales s?res"
"S?ries temporelles annuelles","Libye","Population totale","Population-Estimations","2008","1000 personnes","6058.748","X","Sources internationales s?res"
"S?ries temporelles annuelles","Liechtenstein","Population totale","Population-Estimations","2008","1000 personnes","35.471","X","Sources internationales s?res"
"S?ries temporelles annuelles","Lituanie","Population totale","Population-Estimations","2008","1000 personnes","3212.865","X","Sources internationales s?res"
"S?ries temporelles annuelles","Luxembourg","Population totale","Population-Estimations","2008","1000 personnes","485.405","X","Sources internationales s?res"
"S?ries temporelles annuelles","Mac?doine du Nord","Population totale","Population-Estimations","2008","1000 personnes","2067.313","X","Sources internationales s?res"
"S?ries temporelles annuelles","Madagascar","Population totale","Population-Estimations","2008","1000 personnes","19996.473","X","Sources internationales s?res"
"S?ries temporelles annuelles","Malaisie","Population totale","Population-Estimations","2008","1000 personnes","27236.006","X","Sources internationales s?res"
"S?ries temporelles annuelles","Malawi","Population totale","Population-Estimations","2008","1000 personnes","13727.89","X","Sources internationales s?res"
"S?ries temporelles annuelles","Maldives","Population totale","Population-Estimations","2008","1000 personnes","343.452","X","Sources internationales s?res"
"S?ries temporelles annuelles","Mali","Population totale","Population-Estimations","2008","1000 personnes","14113.577","X","Sources internationales s?res"
"S?ries temporelles annuelles","Malte","Population totale","Population-Estimations","2008","1000 personnes","409.491","X","Sources internationales s?res"
"S?ries temporelles annuelles","Maroc","Population totale","Population-Estimations","2008","1000 personnes","31536.811","X","Sources internationales s?res"
"S?ries temporelles annuelles","Martinique","Population totale","Population-Estimations","2008","1000 personnes","397.668","X","Sources internationales s?res"
"S?ries temporelles annuelles","Maurice","Population totale","Population-Estimations","2008","1000 personnes","1239.262","X","Sources internationales s?res"
"S?ries temporelles annuelles","Mauritanie","Population totale","Population-Estimations","2008","1000 personnes","3296.238","X","Sources internationales s?res"
"S?ries temporelles annuelles","Mayotte","Population totale","Population-Estimations","2008","1000 personnes","196.274","X","Sources internationales s?res"
"S?ries temporelles annuelles","Mexique","Population totale","Population-Estimations","2008","1000 personnes","110815.271","X","Sources internationales s?res"
"S?ries temporelles annuelles","Micron?sie (?tats f?d?r?s de)","Population totale","Population-Estimations","2008","1000 personnes","103.543","X","Sources internationales s?res"
"S?ries temporelles annuelles","Monaco","Population totale","Population-Estimations","2008","1000 personnes","34.872","X","Sources internationales s?res"
"S?ries temporelles annuelles","Mongolie","Population totale","Population-Estimations","2008","1000 personnes","2631.898","X","Sources internationales s?res"
"S?ries temporelles annuelles","Mont?n?gro","Population totale","Population-Estimations","2008","1000 personnes","621.32","X","Sources internationales s?res"
"S?ries temporelles annuelles","Montserrat","Population totale","Population-Estimations","2008","1000 personnes","4.901","X","Sources internationales s?res"
"S?ries temporelles annuelles","Mozambique","Population totale","Population-Estimations","2008","1000 personnes","22276.596","X","Sources internationales s?res"
"S?ries temporelles annuelles","Myanmar","Population totale","Population-Estimations","2008","1000 personnes","49929.642","X","Sources internationales s?res"
"S?ries temporelles annuelles","Namibie","Population totale","Population-Estimations","2008","1000 personnes","2043.394","X","Sources internationales s?res"
"S?ries temporelles annuelles","Nauru","Population totale","Population-Estimations","2008","1000 personnes","9.891","X","Sources internationales s?res"
"S?ries temporelles annuelles","N?pal","Population totale","Population-Estimations","2008","1000 personnes","26666.576","X","Sources internationales s?res"
"S?ries temporelles annuelles","Nicaragua","Population totale","Population-Estimations","2008","1000 personnes","5667.432","X","Sources internationales s?res"
"S?ries temporelles annuelles","Niger","Population totale","Population-Estimations","2008","1000 personnes","15250.908","X","Sources internationales s?res"
"S?ries temporelles annuelles","Nig?ria","Population totale","Population-Estimations","2008","1000 personnes","150269.623","X","Sources internationales s?res"
"S?ries temporelles annuelles","Niou?","Population totale","Population-Estimations","2008","1000 personnes","1.635","X","Sources internationales s?res"
"S?ries temporelles annuelles","Norv?ge","Population totale","Population-Estimations","2008","1000 personnes","4771.019","X","Sources internationales s?res"
"S?ries temporelles annuelles","Nouvelle-Cal?donie","Population totale","Population-Estimations","2008","1000 personnes","246.695","X","Sources internationales s?res"
"S?ries temporelles annuelles","Nouvelle-Z?lande","Population totale","Population-Estimations","2008","1000 personnes","4278.155","X","Sources internationales s?res"
"S?ries temporelles annuelles","Oman","Population totale","Population-Estimations","2008","1000 personnes","2750.963","X","Sources internationales s?res"
"S?ries temporelles annuelles","Ouganda","Population totale","Population-Estimations","2008","1000 personnes","30431.736","X","Sources internationales s?res"
"S?ries temporelles annuelles","Ouzb?kistan","Population totale","Population-Estimations","2008","1000 personnes","27626.982","X","Sources internationales s?res"
"S?ries temporelles annuelles","Pakistan","Population totale","Population-Estimations","2008","1000 personnes","171648.986","X","Sources internationales s?res"
"S?ries temporelles annuelles","Palaos","Population totale","Population-Estimations","2008","1000 personnes","18.704","X","Sources internationales s?res"
"S?ries temporelles annuelles","Palestine","Population totale","Population-Estimations","2008","1000 personnes","3856.679","X","Sources internationales s?res"
"S?ries temporelles annuelles","Panama","Population totale","Population-Estimations","2008","1000 personnes","3516.204","X","Sources internationales s?res"
"S?ries temporelles annuelles","Papouasie-Nouvelle-Guin?e","Population totale","Population-Estimations","2008","1000 personnes","6976.201","X","Sources internationales s?res"
"S?ries temporelles annuelles","Paraguay","Population totale","Population-Estimations","2008","1000 personnes","6081.296","X","Sources internationales s?res"
"S?ries temporelles annuelles","Pays-Bas","Population totale","Population-Estimations","2008","1000 personnes","16568.104","X","Sources internationales s?res"
"S?ries temporelles annuelles","P?rou","Population totale","Population-Estimations","2008","1000 personnes","28562.317","X","Sources internationales s?res"
"S?ries temporelles annuelles","Philippines","Population totale","Population-Estimations","2008","1000 personnes","90901.965","X","Sources internationales s?res"
"S?ries temporelles annuelles","Pologne","Population totale","Population-Estimations","2008","1000 personnes","38356.786","X","Sources internationales s?res"
"S?ries temporelles annuelles","Polyn?sie fran?aise","Population totale","Population-Estimations","2008","1000 personnes","264.061","X","Sources internationales s?res"
"S?ries temporelles annuelles","Porto Rico","Population totale","Population-Estimations","2008","1000 personnes","3608.032","X","Sources internationales s?res"
"S?ries temporelles annuelles","Portugal","Population totale","Population-Estimations","2008","1000 personnes","10595.314","X","Sources internationales s?res"
"S?ries temporelles annuelles","Qatar","Population totale","Population-Estimations","2008","1000 personnes","1436.665","X","Sources internationales s?res"
"S?ries temporelles annuelles","R?publique arabe syrienne","Population totale","Population-Estimations","2008","1000 personnes","20664.038","X","Sources internationales s?res"
"S?ries temporelles annuelles","R?publique centrafricaine","Population totale","Population-Estimations","2008","1000 personnes","4273.366","X","Sources internationales s?res"
"S?ries temporelles annuelles","R?publique de Cor?e","Population totale","Population-Estimations","2008","1000 personnes","49182.456","X","Sources internationales s?res"
"S?ries temporelles annuelles","R?publique de Moldova","Population totale","Population-Estimations","2008","1000 personnes","4112.891","X","Sources internationales s?res"
"S?ries temporelles annuelles","R?publique d?mocratique du Congo","Population totale","Population-Estimations","2008","1000 personnes","60411.195","X","Sources internationales s?res"
"S?ries temporelles annuelles","R?publique d?mocratique populaire lao","Population totale","Population-Estimations","2008","1000 personnes","6046.62","X","Sources internationales s?res"
"S?ries temporelles annuelles","R?publique dominicaine","Population totale","Population-Estimations","2008","1000 personnes","9458.075","X","Sources internationales s?res"
"S?ries temporelles annuelles","R?publique populaire d?mocratique de Cor?e","Population totale","Population-Estimations","2008","1000 personnes","24310.142","X","Sources internationales s?res"
"S?ries temporelles annuelles","R?publique-Unie de Tanzanie","Population totale","Population-Estimations","2008","1000 personnes","41853.944","X","Sources internationales s?res"
"S?ries temporelles annuelles","R?union","Population totale","Population-Estimations","2008","1000 personnes","816.318","X","Sources internationales s?res"
"S?ries temporelles annuelles","Roumanie","Population totale","Population-Estimations","2008","1000 personnes","20829.517","X","Sources internationales s?res"
"S?ries temporelles annuelles","Royaume-Uni de Grande-Bretagne et d'Irlande du Nord","Population totale","Population-Estimations","2008","1000 personnes","62145.097","X","Sources internationales s?res"
"S?ries temporelles annuelles","Rwanda","Population totale","Population-Estimations","2008","1000 personnes","9524.534","X","Sources internationales s?res"
"S?ries temporelles annuelles","Sahara occidental","Population totale","Population-Estimations","2008","1000 personnes","468.633","X","Sources internationales s?res"
"S?ries temporelles annuelles","Sainte-H?l?ne, Ascension et Tristan da Cunha","Population totale","Population-Estimations","2008","1000 personnes","5.143","X","Sources internationales s?res"
"S?ries temporelles annuelles","Sainte-Lucie","Population totale","Population-Estimations","2008","1000 personnes","170.011","X","Sources internationales s?res"
"S?ries temporelles annuelles","Saint-Kitts-et-Nevis","Population totale","Population-Estimations","2008","1000 personnes","48.185","X","Sources internationales s?res"
"S?ries temporelles annuelles","Saint-Marin","Population totale","Population-Estimations","2008","1000 personnes","30.434","X","Sources internationales s?res"
"S?ries temporelles annuelles","Saint-Pierre-et-Miquelon","Population totale","Population-Estimations","2008","1000 personnes","6.294","X","Sources internationales s?res"
"S?ries temporelles annuelles","Saint-Si?ge","Population totale","Population-Estimations","2008","1000 personnes","0.794","X","Sources internationales s?res"
"S?ries temporelles annuelles","Saint-Vincent-et-les Grenadines","Population totale","Population-Estimations","2008","1000 personnes","108.393","X","Sources internationales s?res"
"S?ries temporelles annuelles","Samoa","Population totale","Population-Estimations","2008","1000 personnes","183.263","X","Sources internationales s?res"
"S?ries temporelles annuelles","Samoa am?ricaines","Population totale","Population-Estimations","2008","1000 personnes","57.492","X","Sources internationales s?res"
"S?ries temporelles annuelles","Sao Tom?-et-Principe","Population totale","Population-Estimations","2008","1000 personnes","171.12","X","Sources internationales s?res"
"S?ries temporelles annuelles","S?n?gal","Population totale","Population-Estimations","2008","1000 personnes","12004.701","X","Sources internationales s?res"
"S?ries temporelles annuelles","Serbie","Population totale","Population-Estimations","2008","1000 personnes","9060.103","X","Sources internationales s?res"
"S?ries temporelles annuelles","Seychelles","Population totale","Population-Estimations","2008","1000 personnes","90.449","X","Sources internationales s?res"
"S?ries temporelles annuelles","Sierra Leone","Population totale","Population-Estimations","2008","1000 personnes","6133.603","X","Sources internationales s?res"
"S?ries temporelles annuelles","Singapour","Population totale","Population-Estimations","2008","1000 personnes","4775.804","X","Sources internationales s?res"
"S?ries temporelles annuelles","Slovaquie","Population totale","Population-Estimations","2008","1000 personnes","5399.371","X","Sources internationales s?res"
"S?ries temporelles annuelles","Slov?nie","Population totale","Population-Estimations","2008","1000 personnes","2023.052","X","Sources internationales s?res"
"S?ries temporelles annuelles","Somalie","Population totale","Population-Estimations","2008","1000 personnes","11397.188","X","Sources internationales s?res"
"S?ries temporelles annuelles","Soudan (ex)","Population totale","Population-Estimations","2008","1000 personnes","41797.776","A","Agr?gat, peut inclure des donn?es officielles, semi-officielles, estim?es ou calcul?es"
"S?ries temporelles annuelles","Sri Lanka","Population totale","Population-Estimations","2008","1000 personnes","19983.984","X","Sources internationales s?res"
"S?ries temporelles annuelles","Su?de","Population totale","Population-Estimations","2008","1000 personnes","9236.428","X","Sources internationales s?res"
"S?ries temporelles annuelles","Suisse","Population totale","Population-Estimations","2008","1000 personnes","7622.821","X","Sources internationales s?res"
"S?ries temporelles annuelles","Suriname","Population totale","Population-Estimations","2008","1000 personnes","517.123","X","Sources internationales s?res"
"S?ries temporelles annuelles","Tadjikistan","Population totale","Population-Estimations","2008","1000 personnes","7209.93","X","Sources internationales s?res"
"S?ries temporelles annuelles","Tchad","Population totale","Population-Estimations","2008","1000 personnes","11183.588","X","Sources internationales s?res"
"S?ries temporelles annuelles","Tch?quie","Population totale","Population-Estimations","2008","1000 personnes","10425.266","X","Sources internationales s?res"
"S?ries temporelles annuelles","Tha?lande","Population totale","Population-Estimations","2008","1000 personnes","66530.984","X","Sources internationales s?res"
"S?ries temporelles annuelles","Timor-Leste","Population totale","Population-Estimations","2008","1000 personnes","1055.431","X","Sources internationales s?res"
"S?ries temporelles annuelles","Togo","Population totale","Population-Estimations","2008","1000 personnes","6083.42","X","Sources internationales s?res"
"S?ries temporelles annuelles","Tok?laou","Population totale","Population-Estimations","2008","1000 personnes","1.126","X","Sources internationales s?res"
"S?ries temporelles annuelles","Tonga","Population totale","Population-Estimations","2008","1000 personnes","103.379","X","Sources internationales s?res"
"S?ries temporelles annuelles","Trinit?-et-Tobago","Population totale","Population-Estimations","2008","1000 personnes","1314.443","X","Sources internationales s?res"
"S?ries temporelles annuelles","Tunisie","Population totale","Population-Estimations","2008","1000 personnes","10414.433","X","Sources internationales s?res"
"S?ries temporelles annuelles","Turkm?nistan","Population totale","Population-Estimations","2008","1000 personnes","4935.767","X","Sources internationales s?res"
"S?ries temporelles annuelles","Turquie","Population totale","Population-Estimations","2008","1000 personnes","70418.604","X","Sources internationales s?res"
"S?ries temporelles annuelles","Tuvalu","Population totale","Population-Estimations","2008","1000 personnes","10.314","X","Sources internationales s?res"
"S?ries temporelles annuelles","Ukraine","Population totale","Population-Estimations","2008","1000 personnes","46158.711","X","Sources internationales s?res"
"S?ries temporelles annuelles","Uruguay","Population totale","Population-Estimations","2008","1000 personnes","3340.221","X","Sources internationales s?res"
"S?ries temporelles annuelles","Vanuatu","Population totale","Population-Estimations","2008","1000 personnes","224.704","X","Sources internationales s?res"
"S?ries temporelles annuelles","Venezuela (R?publique bolivarienne du)","Population totale","Population-Estimations","2008","1000 personnes","27635.832","X","Sources internationales s?res"
"S?ries temporelles annuelles","Viet Nam","Population totale","Population-Estimations","2008","1000 personnes","86243.413","X","Sources internationales s?res"
"S?ries temporelles annuelles","Y?men","Population totale","Population-Estimations","2008","1000 personnes","21892.146","X","Sources internationales s?res"
"S?ries temporelles annuelles","Zambie","Population totale","Population-Estimations","2008","1000 personnes","12848.53","X","Sources internationales s?res"
"S?ries temporelles annuelles","Zimbabwe","Population totale","Population-Estimations","2008","1000 personnes","12379.549","X","Sources internationales s?res"
